Frente;Verso;Semana;Nivel
"Por que ""Houve muitos protestos"" está correto, e não ""Houveram""?";"No sentido de ""existir/ocorrer"", o verbo ""haver"" é impessoal e fica sempre na 3ª pessoa do singular, valha o que valer o complemento. ""Houveram"" não existe nesse sentido — pegadinha clássica.";Semana 1 — Verbo e sujeito;Médio
Fazem dois anos que não o vejo está certo?;"Não. O verbo ""fazer"" indicando tempo ou clima é impessoal: ""Faz dois anos que não o vejo"". Sem sujeito, sempre no singular.";Semana 1 — Verbo e sujeito;Médio
"Sinto muito × ""Sinto-me bem"": por que um tem pronome e outro não?";"Sinto (= percebo/ressentimento) é transitivo direto, sem sujeito reflexivo. ""Sinto-me"" (reflexivo) pede pronome porque o sujeito age sobre si. A troca muda o sentido.";Semana 1 — Verbo e sujeito;Médio
"Parece que vai chover × ""As provas parecem difíceis"": qual a diferença estrutural?";"No 1º, ""parece"" é impessoal (oração sem sujeito, sempre no singular). No 2º, ""parecer"" é verbo de ligação com sujeito ""as provas"" e concorda. O critério é haver ou não sujeito identificável.";Semana 1 — Verbo e sujeito;Médio
Ocorreu diversos erros está certo?;"Não: sujeito ""erros"" (plural) exige ""Ocorreram diversos erros"". Verbo ""ocorrer"" não é impessoal — sujeito é a coisa que ocorre.";Semana 1 — Verbo e sujeito;Médio
"Qual o sujeito de ""Precisa-se de colaboradores""?";"Nenhum: a oração não tem sujeito. Como ""precisar"" aqui é VTI (precisar DE), o ""se"" é só indeterminador e ""colaboradores"" é objeto indireto. Sujeito paciente só existe com verbo transitivo direto.";Semana 1 — Verbo e sujeito;Difícil
"Explique o problema de ""Vende-se casas"".";"Vender é transitivo direto, então o ""se"" forma voz passiva sintética: o sujeito é paciente e o verbo concorda com ele. Correto: ""Vendem-se casas"", com sujeito paciente ""casas"". Teste: ""casas vendidas POR alguém"".";Semana 1 — Verbo e sujeito;Difícil
"Em ""Chove pedras"", o verbo tem sujeito?";"Não: no sentido meteorológico, ""chover"" é impessoal, mesmo em sentido figurado (""Chovem candidaturas"" está errado; ""Chove candidaturas"" é o correto).";Semana 1 — Verbo e sujeito;Difícil
"Em ""Os livros que faltavam chegaram"", por que ""faltavam"" está no plural?";"Porque o sujeito do ""faltavam"" é o relativo ""que"", que retoma ""os livros"". O pronome relativo herda o número do antecedente — pegadinha clássica de concordância na oração adjetiva.";Semana 1 — Verbo e sujeito;Difícil
"Quando ""verbo + se"" com verbo de ligação indica indeterminação?";"Com verbo de ligação + ""se"", há índice de indeterminação e verbo no singular: ""Aqui se é feliz"" (nunca ""se são felizes""). Sem sujeito e sem passiva possível (ser não admite voz passiva).";Semana 1 — Verbo e sujeito;Difícil
"Em ""É necessário calma"", qual a regra?";"Com verbo de ligação + ""necessário/obrigatório"" + substantivo sem artigo, fica invariável (""É necessário calma""... na verdade: com o artigo ""a calma"", concorda → ""É necessária a calma""). Sem artigo, invariável (""É necessário calma"").";Semana 1 — Verbo e sujeito;Difícil
Como diferenciar objeto direto de indireto na prática?;"O direto responde ""o quê?"" e aceita ""o/a/os/as"" (e a passiva: ""Li o livro"" → ""O livro foi lido""). O indireto pede preposição e vira ""lhe/lhes"": ""Agradeço a você"" → ""Agradeço-lhe"".";Semana 2 — Complementos e estrutura;Médio
O que caracteriza o predicado verbo-nominal?;"Verbo que expressa ação MAIS um predicativo: ""Os alunos chegaram cansados"" (chegaram = ação, cansados = predicativo do sujeito). Tem qualidade informada além da ação.";Semana 2 — Complementos e estrutura;Médio
"Em ""O problema é grave"", como provar que ""grave"" é predicativo e não adjunto?";"Substitua pela cópula: ""O problema é grave"" é a própria estrutura com verbo de ligação. Se a oração tem verbo de ligação (ser, estar, ficar, parecer, permanecer), o termo a seguir é predicativo do sujeito.";Semana 2 — Complementos e estrutura;Médio
Quando um verbo de ligação admite predicativo do sujeito e quando não?;"Sempre com ser, estar, ficar, parecer, permanecer, andar. Com ""continuar"" e ""achar-se"", também. Com ""tornar-se"", é obrigatório. Se a oração tem verbo de ligação, o predicado é nominal e pede predicativo.";Semana 2 — Complementos e estrutura;Médio
"Como classificar ""Choveu muito ontem"" na sintaxe?";"Oração sem sujeito e sem objeto: verbo impessoal (meteorológico) + adjunto adverbial. Todo o resto são adjuntos — nada de ""sujeito indeterminado""; impessoal não tem sujeito mesmo.";Semana 2 — Complementos e estrutura;Médio
"Em ""Aspiro a um cargo melhor"" o complemento é direto ou indireto? E em ""Aspirei o ar""?";"Em ""aspirar a"" (= desejar) é objeto indireto. Em ""aspirar"" no sentido de respirar é transitivo direto (""Aspirei o ar""). A regência muda conforme o sentido — que a banca adora explorar.";Semana 2 — Complementos e estrutura;Difícil
"Qual a função sintática de ""feliz"" em ""Considero-o feliz""?";"Predicativo do objeto. O verbo ""considerar"" liga o objeto a uma qualidade (""considero que ele é feliz""). Verbos assim: nomear, eleger, achar, julgar, considerar.";Semana 2 — Complementos e estrutura;Difícil
Qual a função do agente da passiva e quando ele aparece?;"É o complemento que nomeia quem pratica a ação na voz passiva (""O parecer foi assinado pelo relator""). Aparece só em passivas analíticas e sintéticas que admitem ""por""; em frases com ""se"" indeterminador, não existe.";Semana 2 — Complementos e estrutura;Difícil
Diferencie adjunto adverbial de complemento nominal.;"Adjunto adverbial modifica verbo, adjetivo ou advérbio (circunstância), sempre adverbializável (""saiu com pressa"" → ""saiu rapidamente""). Complemento nominal completa substantivo/adjetivo/advérbio com sentido passivo ou ativo (""dúvida do aluno"", ""dificuldade de entender"").";Semana 2 — Complementos e estrutura;Difícil
"Dei o livro a ele × ""Dei-lhe o livro"": quando o ""lhe"" é objeto direto?";"Com verbos VTI no sul do Brasil e com verbo ""obedecer"" na norma culta (""obedeço-lhe"" = o/a obedeço). Em português padrão do Brasil, ""lhe"" é objeto indireto; as exceções são regionais ou verbos específicos.";Semana 2 — Complementos e estrutura;Difícil
Qual a função do predicativo do objeto e como identificá-lo?;"Qualidade atribuída ao objeto por verbos como considerar, eleger, nomear, achar: ""Elegeram-no presidente"" (presidente = predicativo do objeto). Teste: o verbo + predicativo formam uma frase completável (""consideram que ele é presidente"").";Semana 2 — Complementos e estrutura;Difícil
"Diferencie adjunto adnominal de complemento nominal em ""a compra da casa"" × ""a compra da casa pelo cliente"".";"Adjunto adnominal caracteriza/possui (""a casa da cidade""). Complemento nominal completa sentido de substantivo derivado de verbo (""a compra da casa"" = alguém comprou a casa). O nome derivado de verbo pede complemento, não adjunto.";Semana 2 — Complementos e estrutura;Difícil
O que diferencia coordenação assindética de sindética?;"Assindética: orações coordenadas sem conectivo, separadas por vírgula (""Cheguei, vi, venci""). Sindética: com conectivo (e, mas, ou, logo, porque).";Semana 3 — Período composto;Médio
"Em ""Quando cheguei, todos já tinham saído"", a primeira oração é que tipo?";Subordinada adverbial temporal. O período é composto por subordinação: uma oração depende da outra.;Semana 3 — Período composto;Médio
Oração subordinada substantiva objetiva direta completa o quê?;"Completa um verbo transitivo direto, funcionando como objeto: ""Disseram que ele venceria"". Teste: substitua por ""isso"" — se funcionar, é objetiva direta.";Semana 3 — Período composto;Médio
Como identificar oração adjetiva restritiva × explicativa sem vírgulas?;"Restritiva restringe o antecedente e NÃO leva vírgula; explicativa acrescenta a todos e vem entre vírgulas (""Os alunos que estudaram passaram"" × ""Os alunos, que estudaram, passaram"").";Semana 3 — Período composto;Médio
"Em ""Estuda, que o mundo será teu"", como classificar a oração iniciada por ""que""?";"Coordenada explicativa: o ""que"" vale ""porque"". Mesmo parecendo subordinada, tem valor causal-explicativo com pouca dependência sintática.";Semana 3 — Período composto;Difícil
"Reescreva em subordinada: ""Ele é inteligente, mas não estuda.""";Embora inteligente, ele não estuda. A ideia adversativa vira oração (reduzida) concessiva. Na prova, o que importa é manter a RELAÇÃO de sentido, não o conectivo original.;Semana 3 — Período composto;Difícil
O que é oração absoluta e por que se confunde com subordinada?;"É oração que não está encaixada em nenhuma função do período, apenas justaposta (""Venceu a partida, o time comemorou""). Não tem conectivo, por isso não é subordinada — a vírgula sozinha não subordina.";Semana 3 — Período composto;Difícil
Quais orações subordinadas podem ser reduzidas e como?;"Infinitivo: ""Ao chegar, avisou""; gerúndio: ""Chegando, avisou""; particípio: ""Avisado, saiu"". A redução elimina o conectivo e flexiona a forma nominal do verbo mantendo a relação adverbial.";Semana 3 — Período composto;Difícil
"Em ""É evidente que ele mentiu"", que oração é ""que ele mentiu""?";"Substantiva subjetiva: é o sujeito da oração principal ""é evidente"". Teste: ""Ele mentiu é evidente"". Subjetiva sempre funciona como sujeito da principal.";Semana 3 — Período composto;Difícil
"Em ""Não sei se ele vencerá"", que oração é ""se ele vencerá""?";"Substantiva objetiva direta (completa ""sei"" = VTD). O ""se"" aqui é conjunção integrante, não pronome — banca adora essa confusão de formas.";Semana 3 — Período composto;Difícil
Qual a diferença entre oração concessiva e coordenada adversativa?;"Ambas exprimem contraste. Concessiva é subordinada e admite troca por ""embora"" (""Embora estudasse, não passou""); adversativa é coordenada (""Estudou, mas não passou""). Se cabe ""embora"", é concessiva.";Semana 4 — Relações de sentido e conectivos;Médio
"Que relação expressam ""conforme"", ""consoante"" e ""segundo"" como conectivos?";"Conformidade. Introduzem orações adverbiais conformativas: ""Procedi conforme me orientaram"".";Semana 4 — Relações de sentido e conectivos;Médio
"Como o ""mas"" pode mudar de valor dentro do mesmo texto?";Pode ser adversativo (oposição), ou assumir matiz concessiva ou retificadora conforme o contexto. Bancas pedem a relação predominante: oposição é a típica, mas o enunciado manda.;Semana 4 — Relações de sentido e conectivos;Médio
"O que os conectivos ""e"" e ""ou"" expressam de adição e alternância quando ligam substantivos?";"Podem unir adjuntos e até predicados, mas NÃO unem termos com funções diferentes nem sujeito com complemento: ""Comprei e vendi imóveis"" une predicados; ""A reunião de hoje e de ontem"" une adjuntos.";Semana 4 — Relações de sentido e conectivos;Médio
"Qual a relação expressa por ""já que"" e ""uma vez que""?";"Causal (""Uma vez que não havia prova, arquivei o caso""). ""Já que"" e ""uma vez que"" introduzem oração adverbial causal — pegadinha quando a banca pede ""concessiva"" e o aluno troca por ""embora"".";Semana 4 — Relações de sentido e conectivos;Médio
"O que ""portanto"", ""conseguinte"", ""assim"" introduzem quando abrem a frase?";"Oração coordenada conclusiva (conclusão tirada do que veio antes): ""Logo, não há como sustentar a tese"". Não são subordinadas — o ""logo"" coordena.";Semana 4 — Relações de sentido e conectivos;Médio
"Compare o ""pois"" em ""Ficou em casa, pois chovia"" e ""Feche a janela, pois está frio"".";"No 1º, ""pois"" é causal (apresenta a causa do fato). No 2º, é explicativo (justifica o pedido). Bancas exploram causal × explicativo × conclusivo (""logo"", ""portanto"").";Semana 4 — Relações de sentido e conectivos;Difícil
